ApplicantIncome,CoapplicantIncome,LoanAmount,Loan_Amount_Term,Credit_History,Gender,Married,Dependents,Education,Self_Employed,Property_Area,Loan_Status
16104,7099,332,120,1,female,no,1,no,yes,rural,not approved
12203,734,196,36,0,male,yes,2,yes,yes,urban,not approved
14454,4650,337,36,0,male,yes,1,yes,yes,semiurban,not approved
15186,5624,62,60,1,male,no,0,no,no,semiurban,approved
11913,8060,214,12,1,male,no,2,no,no,urban,not approved
18660,6390,279,12,1,female,yes,2,yes,yes,rural,not approved
19060,4564,383,240,1,male,yes,3,yes,no,rural,not approved
17575,8838,425,120,0,female,yes,3,yes,no,semiurban,approved
9541,9244,385,120,0,male,no,1,no,yes,semiurban,approved
13397,5596,126,36,0,female,yes,0,yes,no,rural,not approved
13268,492,318,12,1,male,no,2,no,yes,rural,approved
17779,3907,144,12,0,male,no,3,no,no,urban,approved
4588,3300,180,12,1,female,no,2,no,no,urban,approved
16597,9174,70,360,1,male,no,1,no,no,semiurban,not approved
6158,4597,295,360,0,male,no,2,no,no,rural,approved
8801,6693,360,360,0,male,no,3,no,yes,semiurban,approved
11065,809,155,36,1,male,yes,1,yes,no,urban,approved
9544,1224,180,36,1,male,no,2,no,no,rural,not approved
8903,8090,279,120,0,female,no,1,no,yes,urban,not approved
6511,7060,147,360,0,male,no,3,no,no,rural,not approved
18349,661,235,360,1,female,no,2,no,no,rural,not approved
18050,5489,364,60,1,male,no,1,no,no,rural,not approved
6716,2716,403,360,1,female,yes,2,yes,no,semiurban,approved
7209,4213,185,120,1,male,no,1,no,no,semiurban,not approved
4132,1231,113,360,0,male,yes,1,yes,no,rural,approved
19994,3671,146,60,0,female,no,3,no,yes,semiurban,approved
2709,9433,279,60,0,male,yes,1,yes,no,urban,approved
16282,7360,414,60,1,female,yes,3,yes,no,rural,not approved
7893,9065,285,240,0,female,yes,1,yes,yes,rural,not approved
3261,207,160,360,1,male,yes,0,yes,yes,rural,approved
16083,3954,135,60,0,male,yes,0,yes,no,urban,approved
8627,5292,172,120,1,male,no,2,no,yes,semiurban,approved
17986,9521,86,240,0,female,no,2,no,yes,urban,not approved
2253,587,447,120,1,female,yes,2,yes,yes,semiurban,approved
3611,4674,479,240,1,male,yes,2,yes,yes,semiurban,not approved
9004,1657,475,60,0,female,yes,2,yes,yes,rural,not approved
10515,9967,235,36,1,female,no,0,no,no,semiurban,approved
17397,7747,462,360,0,male,no,0,no,no,semiurban,not approved
15742,7709,344,36,1,female,yes,1,yes,yes,urban,approved
16415,2230,373,12,0,female,yes,1,yes,no,rural,not approved
7370,1544,477,120,0,female,yes,0,yes,no,urban,not approved
16164,6793,235,360,0,male,yes,3,yes,no,urban,not approved
16467,2846,169,240,0,female,no,0,no,yes,urban,approved
18247,6932,379,120,1,female,no,1,no,yes,rural,approved
13638,9909,431,120,0,female,no,0,no,no,semiurban,not approved
13366,3433,187,36,1,female,yes,3,yes,no,semiurban,not approved
5267,9136,289,240,1,male,yes,3,yes,yes,rural,not approved
8627,6861,419,36,1,male,yes,3,yes,no,rural,approved
15089,3692,222,36,0,male,no,3,no,no,rural,approved
15535,1943,494,60,0,female,no,1,no,no,semiurban,approved
10107,7282,365,240,1,male,yes,2,yes,yes,rural,approved
2041,9986,360,120,1,male,no,2,no,no,rural,not approved
19139,6718,181,240,0,female,yes,3,yes,no,semiurban,approved
16779,3897,155,240,1,female,yes,2,yes,yes,rural,not approved
7430,2638,86,36,1,male,yes,2,yes,yes,semiurban,approved
13937,9759,230,120,1,female,no,3,no,yes,urban,approved
2520,9798,276,120,0,male,no,1,no,no,semiurban,not approved
4195,9916,195,60,1,male,no,0,no,yes,rural,approved
6556,4732,55,120,1,female,yes,2,yes,yes,semiurban,approved
3800,2409,202,12,0,female,no,3,no,yes,rural,not approved
8667,4172,335,120,0,male,no,2,no,yes,rural,approved
16586,8855,450,12,1,male,no,1,no,yes,urban,approved
3468,8248,490,12,0,female,yes,0,yes,yes,rural,approved
16664,5745,154,60,1,female,yes,1,yes,no,urban,approved
4018,3821,340,360,1,male,yes,2,yes,yes,rural,not approved
17093,6986,272,240,0,male,no,2,no,yes,rural,not approved
16817,897,223,120,1,male,yes,2,yes,no,urban,not approved
4077,6543,310,120,0,female,yes,3,yes,yes,rural,not approved
17914,1033,203,240,0,male,yes,3,yes,no,rural,approved
14799,1096,324,120,0,male,no,1,no,no,rural,approved
7390,4300,175,120,0,female,yes,1,yes,yes,semiurban,approved
2192,9146,215,36,0,female,no,2,no,no,semiurban,not approved
15286,7376,98,60,1,female,yes,1,yes,yes,semiurban,not approved
10799,5337,93,120,0,male,no,0,no,no,rural,approved
13255,3744,173,240,0,male,yes,3,yes,no,rural,approved
15625,1412,470,120,0,male,yes,1,yes,yes,semiurban,not approved
7677,9605,121,60,0,male,no,1,no,yes,rural,not approved
13166,5699,499,36,0,female,yes,1,yes,no,rural,approved
18473,5810,214,360,1,male,no,1,no,yes,rural,approved
15407,7769,298,120,1,male,no,1,no,no,semiurban,approved
7076,9113,134,240,1,male,yes,1,yes,yes,semiurban,not approved
13700,2276,397,36,0,female,yes,2,yes,yes,semiurban,not approved
4011,299,87,12,1,female,yes,0,yes,no,semiurban,approved
10598,3811,357,240,0,female,no,3,no,yes,semiurban,not approved
12732,976,137,60,0,male,no,0,no,no,urban,approved
9266,3440,334,36,0,female,yes,3,yes,no,semiurban,not approved
8578,3377,427,12,1,female,yes,3,yes,no,semiurban,approved
8752,3960,158,360,1,female,no,2,no,yes,urban,approved
5469,4275,189,240,0,male,no,0,no,yes,semiurban,approved
18972,5505,467,12,0,female,no,0,no,no,semiurban,not approved
16547,8497,496,12,0,male,no,1,no,no,semiurban,not approved
19813,5619,151,36,0,male,yes,3,yes,yes,semiurban,not approved
10066,8306,295,12,0,female,no,3,no,no,urban,approved
3990,3292,138,240,1,female,no,2,no,no,urban,not approved
16063,9307,160,36,1,female,no,2,no,no,urban,not approved
8528,8414,373,120,0,male,yes,0,yes,yes,urban,approved
17782,1026,328,360,1,male,no,0,no,yes,semiurban,not approved
19605,2363,184,36,0,male,yes,1,yes,no,rural,approved
13300,680,453,36,0,male,yes,0,yes,yes,rural,approved
15915,5346,437,36,0,male,no,3,no,yes,rural,approved
12456,5984,119,12,0,male,yes,2,yes,yes,rural,not approved
14561,6849,198,360,0,male,no,0,no,no,urban,not approved
13892,9822,64,240,1,male,no,1,no,no,rural,not approved
9358,7077,172,360,1,female,yes,1,yes,no,urban,approved
5494,8842,162,12,0,female,no,2,no,yes,urban,not approved
8170,1468,276,12,0,male,no,3,no,no,urban,approved
3426,1125,153,360,0,male,no,1,no,yes,rural,not approved
10090,8050,386,240,0,female,yes,0,yes,no,urban,not approved
15755,4041,133,60,0,male,yes,3,yes,yes,rural,not approved
15019,9967,457,240,1,male,no,0,no,yes,rural,approved
19659,4253,397,12,1,female,yes,3,yes,no,semiurban,approved
12872,7873,498,12,0,male,yes,2,yes,yes,urban,not approved
3553,5013,62,36,0,female,no,0,no,yes,semiurban,approved
9379,3632,406,60,1,male,no,1,no,yes,rural,approved
12412,8902,318,360,1,male,no,3,no,no,semiurban,not approved
19538,8946,218,36,0,female,no,3,no,yes,urban,not approved
18369,1023,159,240,0,male,yes,0,yes,yes,rural,not approved
3651,1099,365,12,0,female,yes,2,yes,yes,urban,approved
13972,3482,262,60,1,female,yes,3,yes,yes,urban,approved
5552,7165,385,120,0,female,yes,1,yes,yes,urban,approved
13658,6058,281,360,1,male,yes,1,yes,yes,rural,approved
8574,4508,170,360,0,male,yes,3,yes,yes,rural,approved
3327,5412,65,120,0,female,yes,3,yes,no,urban,approved
6047,2455,242,120,0,male,no,3,no,no,rural,not approved
14408,5153,55,12,1,male,yes,3,yes,yes,semiurban,approved
16171,7658,342,36,1,male,no,0,no,yes,rural,not approved
3542,4107,116,12,1,male,no,0,no,yes,semiurban,approved
19115,8870,312,360,1,female,yes,1,yes,yes,urban,approved
5605,2602,76,12,0,female,no,3,no,yes,urban,approved
4658,690,108,36,1,female,no,2,no,no,urban,not approved
12507,8021,448,36,0,female,no,0,no,no,semiurban,approved
17979,5215,91,36,1,female,no,2,no,no,urban,approved
13565,7281,64,360,1,male,yes,1,yes,yes,semiurban,approved
8234,5745,154,120,0,male,no,0,no,no,semiurban,approved
2196,3326,253,36,1,male,no,0,no,yes,urban,not approved
5684,9666,389,240,0,male,yes,2,yes,yes,urban,approved
7015,9687,314,60,0,female,no,0,no,yes,urban,not approved
6032,4267,197,360,0,female,yes,1,yes,yes,semiurban,approved
12960,2424,289,360,0,female,yes,1,yes,yes,urban,not approved
9999,7858,161,120,1,male,yes,2,yes,no,urban,approved
7291,8232,268,12,0,female,yes,2,yes,no,urban,approved
2866,792,300,12,1,male,yes,0,yes,yes,semiurban,not approved
19551,1334,180,12,0,male,no,0,no,yes,urban,approved
16274,6853,336,36,0,male,yes,3,yes,yes,semiurban,approved
7517,9870,212,36,0,female,no,2,no,no,urban,approved
13305,775,197,12,0,female,yes,3,yes,yes,semiurban,not approved
5659,4707,329,360,0,male,no,2,no,no,rural,not approved
6521,6439,421,36,0,male,no,2,no,no,urban,not approved
7635,5629,335,120,0,male,no,2,no,no,semiurban,approved
12998,7839,382,60,1,male,no,1,no,yes,rural,not approved
5743,7254,82,240,0,male,no,0,no,no,urban,not approved
2924,5370,59,12,0,male,no,3,no,yes,urban,approved
19060,1869,243,36,0,male,yes,2,yes,yes,semiurban,approved
9959,6593,338,12,0,male,yes,3,yes,no,semiurban,approved
14541,6773,410,60,1,female,yes,1,yes,no,urban,not approved
18710,6062,162,36,1,male,yes,2,yes,yes,rural,approved
16437,9402,265,120,0,female,no,1,no,yes,semiurban,not approved
2230,5830,281,12,1,male,no,1,no,yes,urban,not approved
8151,1201,463,360,1,female,no,0,no,no,urban,not approved
4865,7847,455,60,0,male,no,1,no,yes,rural,approved
3123,4942,152,240,0,female,no,3,no,no,rural,approved
16846,6093,153,12,1,female,no,3,no,yes,semiurban,approved
9576,5222,145,360,0,female,no,3,no,yes,rural,not approved
5089,8347,485,240,0,male,no,3,no,no,urban,not approved
3144,9654,109,36,0,female,yes,1,yes,yes,semiurban,not approved
12821,7984,131,360,1,female,no,3,no,yes,semiurban,approved
12360,9466,222,60,0,female,no,1,no,yes,semiurban,approved
6476,4435,183,360,1,female,yes,0,yes,no,urban,approved
3894,3798,369,12,1,female,yes,0,yes,no,rural,not approved
15321,722,375,240,1,female,no,2,no,no,rural,not approved
19887,5911,430,12,0,female,no,2,no,yes,urban,approved
3210,5985,166,36,0,male,no,0,no,yes,rural,approved
2154,8862,470,120,0,male,no,1,no,yes,rural,not approved
10105,2321,165,60,0,female,yes,2,yes,yes,rural,approved
11102,7745,389,60,0,female,no,1,no,no,semiurban,not approved
16102,1588,296,360,0,male,yes,0,yes,no,rural,approved
9539,7029,463,360,0,female,no,1,no,no,semiurban,approved
3305,6255,183,360,0,female,yes,0,yes,no,rural,not approved
16377,5479,63,36,0,female,yes,2,yes,yes,semiurban,not approved
4848,4559,243,12,0,female,no,2,no,yes,semiurban,approved
11199,5751,431,360,0,female,yes,3,yes,yes,semiurban,not approved
9195,1166,276,60,1,male,no,0,no,no,urban,approved
13348,5483,484,60,0,male,no,1,no,yes,rural,not approved
9431,8684,149,12,1,female,yes,0,yes,no,semiurban,not approved
19812,9914,151,360,0,male,no,1,no,no,urban,not approved
9358,5286,295,60,0,male,yes,3,yes,no,urban,approved
18754,6428,354,240,0,male,yes,1,yes,yes,semiurban,not approved
18222,8287,99,120,1,male,no,1,no,yes,rural,approved
12323,4146,369,60,1,female,yes,3,yes,no,rural,not approved
17866,6865,290,60,0,female,yes,1,yes,no,semiurban,approved
5625,8467,269,240,0,female,no,3,no,no,rural,not approved
6675,3292,112,36,0,male,no,0,no,yes,urban,not approved
18285,7851,469,60,0,male,yes,2,yes,yes,rural,approved
5805,2841,493,120,1,female,no,2,no,yes,urban,not approved
16017,726,397,240,0,female,no,2,no,yes,semiurban,approved
17128,8688,301,60,0,male,no,1,no,yes,urban,not approved
11078,2307,299,120,0,male,no,0,no,no,rural,approved
14489,7160,434,36,0,female,yes,0,yes,no,semiurban,not approved
8976,5152,285,360,0,male,no,3,no,yes,urban,not approved
8291,5970,488,360,0,male,yes,0,yes,no,rural,not approved
7442,16,257,60,0,female,yes,0,yes,no,semiurban,not approved
3875,8208,88,240,1,male,no,3,no,no,semiurban,not approved
2639,2316,249,360,1,male,yes,1,yes,no,rural,approved
4594,1243,297,60,1,male,yes,3,yes,yes,urban,not approved
11665,4097,143,120,1,male,yes,0,yes,yes,rural,not approved
14058,7414,188,12,0,male,no,1,no,yes,semiurban,approved
16074,3093,240,60,1,male,yes,0,yes,yes,rural,not approved
10845,1312,400,120,0,male,yes,0,yes,no,semiurban,approved
13903,5853,358,120,1,male,yes,1,yes,no,semiurban,approved
2149,1400,448,12,0,male,no,3,no,no,urban,not approved
5440,2406,317,120,1,female,no,3,no,yes,semiurban,approved
18383,4657,392,36,1,female,yes,0,yes,no,rural,not approved
6296,2603,407,240,0,female,no,3,no,no,rural,approved
11272,688,170,360,0,male,no,2,no,no,rural,not approved
19663,2854,52,12,1,male,no,0,no,no,rural,not approved
15461,3630,287,36,1,male,yes,1,yes,no,urban,approved
5189,3292,64,36,1,male,no,1,no,yes,semiurban,approved
4099,1607,68,60,0,female,yes,0,yes,yes,rural,not approved
10861,1979,499,60,1,female,no,1,no,yes,rural,approved
14720,3610,425,360,1,male,no,1,no,yes,rural,approved
3952,5271,106,36,0,female,yes,0,yes,yes,urban,not approved
2349,1481,390,240,0,female,yes,2,yes,yes,urban,not approved
12600,2772,495,240,0,male,no,1,no,no,rural,approved
3613,7340,115,12,0,female,no,3,no,no,semiurban,not approved
17824,6733,358,12,1,female,yes,1,yes,yes,rural,not approved
14022,5287,114,36,0,male,yes,2,yes,yes,urban,not approved
18581,8246,492,60,1,female,yes,1,yes,yes,semiurban,approved
9406,6900,488,120,1,female,yes,0,yes,no,semiurban,approved
7691,3249,167,240,0,female,no,0,no,no,urban,not approved
16387,5238,294,360,1,male,no,2,no,yes,urban,approved
15510,43,84,120,1,male,no,1,no,no,semiurban,not approved
6701,8389,184,120,1,female,no,2,no,yes,rural,not approved
3199,9992,323,60,1,female,no,3,no,yes,rural,approved
17213,6179,405,36,1,female,yes,3,yes,yes,semiurban,approved
19839,6522,52,240,0,female,no,2,no,yes,rural,not approved
9651,1213,98,12,1,male,no,0,no,no,semiurban,not approved
6236,2827,273,12,1,female,no,1,no,yes,rural,not approved
19145,8977,443,120,0,female,yes,2,yes,no,semiurban,not approved
13490,11,307,360,0,female,yes,1,yes,no,semiurban,not approved
5336,3443,112,360,0,male,yes,2,yes,yes,rural,approved
7839,9502,220,12,1,male,yes,0,yes,yes,semiurban,approved
5708,4243,172,240,1,female,yes,3,yes,yes,rural,not approved
19940,16,284,60,0,male,no,3,no,yes,rural,not approved
9847,2604,434,36,0,male,no,3,no,yes,semiurban,not approved
16555,6665,243,60,0,male,yes,0,yes,yes,rural,approved
7784,2173,113,360,0,female,yes,3,yes,yes,semiurban,approved
13990,7089,182,360,1,female,no,2,no,yes,rural,not approved
11971,6892,258,12,0,female,no,3,no,no,semiurban,not approved
6872,7932,487,60,1,male,yes,3,yes,no,semiurban,not approved
17465,5565,62,120,0,male,yes,2,yes,yes,semiurban,approved
10970,7660,79,360,0,female,yes,0,yes,no,urban,approved
3272,7050,293,240,0,female,yes,0,yes,yes,rural,not approved
5409,5664,432,12,0,female,yes,3,yes,yes,semiurban,not approved
10637,8744,375,240,1,male,no,3,no,yes,semiurban,not approved
6094,9679,479,120,0,female,yes,3,yes,no,semiurban,not approved
9989,544,80,36,1,male,no,1,no,yes,rural,not approved
13317,6814,89,60,1,male,no,3,no,yes,semiurban,approved
6810,8596,344,36,0,male,no,2,no,no,semiurban,not approved
4706,5156,472,36,0,female,no,0,no,yes,semiurban,not approved
12710,3351,480,60,0,female,yes,2,yes,no,semiurban,not approved
7893,9980,433,60,1,female,yes,2,yes,no,rural,approved
2115,2260,396,12,1,male,yes,2,yes,yes,rural,not approved
9701,7551,268,240,0,male,no,2,no,yes,urban,approved
5562,7455,115,36,0,male,yes,2,yes,yes,urban,not approved
9039,5288,298,36,0,female,yes,0,yes,no,urban,approved
12952,3809,66,120,1,female,no,1,no,no,urban,approved
6589,7606,462,60,0,female,yes,3,yes,yes,rural,approved
17132,9073,294,36,0,male,yes,1,yes,no,rural,approved
16221,8684,200,36,1,male,yes,1,yes,no,rural,approved
16447,6900,288,36,0,female,no,0,no,yes,urban,not approved
2029,6068,385,120,1,male,no,1,no,no,rural,not approved
16812,7193,201,36,0,female,yes,2,yes,no,urban,approved
5277,9279,429,60,1,female,no,3,no,no,semiurban,approved
9746,9507,205,360,1,female,no,2,no,no,rural,approved
16550,7060,85,240,0,female,yes,1,yes,yes,urban,not approved
8304,9043,102,120,1,female,yes,0,yes,yes,rural,not approved
15098,5467,188,12,1,male,no,1,no,no,semiurban,approved
13699,6102,436,360,0,female,no,2,no,no,urban,not approved
14269,5676,208,360,0,male,no,2,no,no,urban,approved
17178,7433,62,360,1,female,no,2,no,yes,urban,not approved
7877,5694,78,240,0,male,no,2,no,no,semiurban,approved
9713,8005,389,36,1,female,no,0,no,no,rural,not approved
17011,7341,241,60,1,female,no,0,no,yes,urban,not approved
18481,9765,384,36,1,male,no,2,no,no,semiurban,approved
9774,1771,197,36,0,male,no,1,no,yes,semiurban,not approved
11670,8889,410,120,0,male,yes,0,yes,no,semiurban,approved
18129,2423,167,120,1,male,yes,3,yes,yes,semiurban,not approved
19821,5233,297,360,0,female,yes,1,yes,no,urban,not approved
5681,4188,80,60,1,female,yes,2,yes,no,urban,approved
2547,7202,496,60,0,male,no,3,no,yes,semiurban,not approved
6569,2480,341,36,1,female,no,0,no,no,semiurban,not approved
19565,8113,340,120,0,female,yes,0,yes,yes,urban,approved
14636,8213,124,240,0,male,no,0,no,yes,urban,approved
5174,5690,246,36,0,male,no,1,no,no,rural,approved
14338,6585,429,120,0,female,yes,2,yes,no,rural,not approved
3687,2295,256,12,0,female,yes,0,yes,yes,semiurban,approved
17545,6934,75,360,1,female,no,1,no,yes,semiurban,not approved
4671,5318,302,60,1,male,no,0,no,yes,urban,not approved
12238,1768,170,240,0,male,yes,2,yes,no,semiurban,approved
14688,9542,371,240,1,female,no,1,no,no,urban,approved
2694,9578,457,36,0,female,no,0,no,yes,rural,approved
15712,8247,474,360,0,female,yes,1,yes,no,rural,approved
5975,5779,213,60,0,female,yes,3,yes,yes,urban,approved
12701,2669,372,360,1,female,no,2,no,no,semiurban,approved
11625,2788,246,240,1,female,no,1,no,no,semiurban,not approved
7635,8305,60,36,0,female,yes,1,yes,yes,rural,approved
14661,8255,199,12,0,female,yes,2,yes,yes,semiurban,not approved
6468,9769,157,60,0,male,yes,2,yes,yes,urban,approved
11055,9816,180,60,0,male,no,0,no,yes,semiurban,approved
16173,8576,86,120,1,female,no,0,no,no,rural,approved
16652,6689,437,120,1,male,yes,0,yes,yes,semiurban,not approved
2493,1654,290,36,1,female,no,3,no,yes,semiurban,not approved
17888,4262,263,12,0,male,no,2,no,no,semiurban,not approved
17374,7987,456,360,1,female,no,3,no,no,semiurban,approved
10351,6758,494,240,1,female,yes,2,yes,yes,rural,approved
19462,3138,69,36,1,male,no,2,no,yes,semiurban,approved
12210,548,450,60,0,female,no,1,no,yes,rural,approved
4199,4803,266,120,0,male,yes,3,yes,yes,rural,not approved
18383,9641,292,60,1,female,yes,3,yes,no,semiurban,approved
9244,6719,100,36,0,male,yes,2,yes,yes,semiurban,approved
14262,4758,187,12,0,female,no,3,no,yes,rural,not approved
4380,5692,264,360,0,female,yes,0,yes,yes,urban,not approved
16772,6301,105,240,1,female,no,2,no,no,rural,not approved
8450,1792,468,120,1,male,no,2,no,yes,semiurban,not approved
17877,6657,360,240,1,female,no,3,no,no,urban,not approved
15266,5420,211,12,0,male,no,3,no,yes,urban,approved
8364,8027,274,60,0,female,no,3,no,no,semiurban,not approved
9647,752,420,36,1,male,yes,1,yes,no,rural,approved
19207,5707,373,240,1,male,no,0,no,no,rural,approved
13072,6997,293,12,1,male,no,1,no,no,semiurban,approved
9938,492,187,240,0,female,yes,2,yes,yes,urban,not approved
8669,6700,243,60,1,male,yes,0,yes,no,semiurban,not approved
11709,2371,297,360,0,male,no,2,no,yes,semiurban,approved
3704,8692,104,240,0,male,no,3,no,no,urban,approved
11435,580,256,36,0,female,yes,2,yes,no,rural,approved
11974,6337,294,120,1,female,no,2,no,yes,rural,not approved
12084,3465,228,36,1,male,yes,2,yes,no,semiurban,approved
11299,8900,151,12,0,male,no,0,no,yes,semiurban,not approved
19937,817,77,120,1,male,no,2,no,yes,semiurban,not approved
3941,2397,79,360,1,female,no,3,no,no,urban,approved
5511,1660,362,12,1,female,yes,3,yes,yes,semiurban,approved
2008,5527,118,240,0,female,yes,1,yes,yes,urban,not approved
17467,9446,139,60,0,female,no,1,no,yes,rural,approved
10488,4240,91,60,0,male,no,0,no,yes,semiurban,not approved
4773,8743,479,60,0,female,yes,0,yes,no,semiurban,not approved
6386,3051,225,120,1,male,yes,1,yes,yes,rural,not approved
15986,1323,256,120,1,male,no,3,no,yes,semiurban,not approved
6552,5313,406,240,0,female,no,1,no,no,urban,not approved
4689,4708,320,120,0,male,yes,0,yes,yes,semiurban,approved
16690,9801,451,36,0,female,no,3,no,yes,rural,approved
9917,8471,224,120,0,male,no,1,no,yes,semiurban,not approved
18372,7563,413,36,1,female,no,2,no,yes,semiurban,not approved
15186,5928,315,360,1,female,yes,0,yes,no,rural,approved
13966,5008,408,360,1,female,no,0,no,no,rural,not approved
18813,2307,260,360,1,male,yes,2,yes,no,urban,approved
15662,3170,153,360,1,male,yes,0,yes,yes,rural,approved
19557,9550,252,36,0,female,no,2,no,yes,semiurban,not approved
7164,7969,286,60,1,female,yes,0,yes,no,rural,approved
13012,3802,362,240,0,male,yes,0,yes,yes,semiurban,approved
18430,740,228,360,0,female,yes,2,yes,no,rural,approved
10786,7212,178,240,1,female,no,2,no,yes,urban,approved
13857,6932,441,360,1,female,yes,0,yes,yes,rural,not approved
6456,1672,71,12,0,male,no,3,no,yes,semiurban,not approved
17818,6128,356,12,0,male,yes,1,yes,no,rural,approved
12737,6611,226,240,1,male,yes,0,yes,yes,urban,not approved
17561,8742,280,120,1,male,yes,0,yes,yes,semiurban,not approved
18980,8856,480,360,1,female,no,1,no,no,rural,not approved
4026,4360,282,12,1,female,no,3,no,yes,semiurban,approved
2189,6755,329,12,1,female,no,3,no,no,rural,not approved
18131,9321,208,60,0,female,yes,1,yes,yes,rural,approved
8904,2768,247,360,1,female,no,0,no,yes,rural,approved
13170,6266,340,120,0,male,no,2,no,yes,semiurban,approved
12899,4477,365,360,1,male,no,1,no,yes,rural,approved
17657,9089,281,36,1,female,yes,2,yes,yes,semiurban,approved
11531,7128,368,12,1,male,yes,0,yes,no,urban,approved
7234,8952,238,60,1,female,yes,2,yes,yes,semiurban,not approved
10266,7317,364,12,1,female,yes,3,yes,yes,semiurban,approved
12820,7657,358,36,1,female,yes,2,yes,no,semiurban,not approved
5334,3807,282,36,1,male,no,3,no,yes,rural,not approved
5669,2198,249,36,0,male,no,0,no,yes,rural,approved
16145,7807,365,12,0,female,no,3,no,no,rural,not approved
4079,2020,460,120,0,female,no,0,no,yes,urban,approved
8610,1750,497,360,0,male,no,3,no,no,urban,approved
18675,1706,487,36,1,male,yes,0,yes,yes,rural,not approved
4779,2453,116,240,1,female,yes,1,yes,yes,semiurban,approved
19350,6493,355,36,0,female,yes,2,yes,no,urban,not approved
12041,9987,493,60,0,female,yes,3,yes,yes,semiurban,not approved
13001,1727,156,12,1,female,no,2,no,yes,semiurban,not approved
8895,1177,64,120,0,female,yes,3,yes,yes,rural,not approved
11117,2186,187,120,0,female,yes,1,yes,no,urban,not approved
14405,9752,163,36,1,male,no,1,no,yes,urban,not approved
10809,6247,226,60,1,female,no,3,no,no,urban,not approved
10841,5175,67,36,0,female,no,2,no,no,rural,approved
7178,4681,478,60,1,female,no,1,no,yes,urban,not approved
5642,9249,84,240,0,male,no,1,no,no,rural,approved
12073,4757,262,36,1,male,no,0,no,yes,rural,approved
7832,1822,341,240,0,male,no,1,no,yes,urban,approved
14126,5292,172,12,1,female,yes,2,yes,no,urban,approved
12229,6673,59,60,0,male,no,3,no,no,rural,approved
14565,7605,300,12,0,female,yes,3,yes,no,urban,not approved
8243,5516,108,36,1,male,no,1,no,yes,rural,approved
14074,5295,460,360,0,female,yes,3,yes,no,rural,approved
13775,7387,159,360,0,female,no,0,no,no,semiurban,not approved
17571,6543,165,120,0,female,yes,3,yes,yes,rural,not approved
4590,2148,107,120,1,male,no,2,no,yes,rural,approved
19042,336,310,120,0,male,yes,3,yes,no,urban,approved
4056,8397,394,120,0,male,yes,3,yes,yes,rural,approved
18643,3416,362,36,0,male,no,2,no,yes,urban,approved
8853,1977,73,360,0,female,no,3,no,yes,rural,approved
4370,6194,439,240,0,male,no,0,no,yes,rural,approved
16713,5314,108,36,1,male,no,3,no,no,semiurban,approved
15289,3873,499,36,0,male,no,2,no,yes,rural,approved
2920,4747,490,36,0,female,no,1,no,yes,rural,approved
16307,8067,349,120,1,female,yes,0,yes,yes,semiurban,approved
5589,7014,494,120,0,female,yes,0,yes,no,rural,approved
3108,9302,429,240,1,female,yes,1,yes,yes,semiurban,approved
12025,8810,55,360,1,male,no,1,no,yes,urban,approved
10603,9946,97,240,0,female,yes,0,yes,yes,urban,not approved
6536,9126,432,36,0,female,yes,3,yes,yes,semiurban,approved
7316,2448,152,60,0,female,no,3,no,no,rural,not approved
8537,3523,403,60,1,male,no,3,no,no,rural,approved
3982,8764,359,12,0,female,no,0,no,no,rural,approved
11522,2068,167,36,1,male,yes,1,yes,yes,rural,not approved
11679,8770,225,12,1,male,yes,0,yes,yes,semiurban,not approved
6203,7953,83,360,1,male,yes,3,yes,no,semiurban,not approved
4840,5881,83,36,1,male,yes,3,yes,no,urban,approved
9945,3137,376,12,0,male,yes,0,yes,no,rural,approved
17889,3495,365,12,1,male,no,1,no,yes,semiurban,not approved
7954,1038,442,36,0,female,yes,1,yes,no,urban,not approved
6808,2867,404,360,0,female,no,2,no,no,rural,not approved
18235,4931,497,240,0,male,yes,0,yes,no,semiurban,not approved
17609,4080,60,36,0,female,yes,1,yes,no,urban,not approved
6830,227,301,60,0,male,no,1,no,yes,urban,not approved
13221,5052,441,36,1,male,yes,2,yes,no,urban,approved
17873,20,284,60,1,male,yes,2,yes,no,rural,approved
9914,7884,198,60,1,female,yes,1,yes,no,rural,approved
15952,8437,350,120,0,female,yes,1,yes,yes,semiurban,approved
17573,29,186,120,0,female,no,3,no,no,semiurban,approved
3569,3787,274,360,1,female,no,0,no,no,rural,not approved
12176,2007,300,36,0,male,no,0,no,yes,rural,approved
7719,1212,483,36,0,male,yes,0,yes,no,urban,approved
2929,9210,171,60,1,female,no,1,no,no,urban,approved
15001,6288,491,360,1,male,no,1,no,yes,semiurban,not approved
5883,3817,459,360,1,female,no,3,no,no,rural,not approved
3583,2441,369,120,1,male,no,0,no,yes,urban,approved
18194,523,265,12,1,male,yes,3,yes,no,urban,not approved
12555,265,141,120,0,male,yes,2,yes,no,semiurban,not approved
9808,7062,279,60,0,male,no,3,no,yes,urban,approved
15191,7676,284,36,1,female,yes,2,yes,yes,semiurban,not approved
16129,9918,277,240,0,male,yes,1,yes,yes,rural,not approved
12805,8974,212,60,1,female,yes,1,yes,yes,rural,approved
3458,4,281,360,1,female,yes,1,yes,no,semiurban,approved
7913,5746,472,120,1,female,yes,1,yes,no,semiurban,not approved
17901,6137,318,36,1,male,no,0,no,no,semiurban,not approved
3105,7292,258,240,0,male,yes,1,yes,yes,rural,not approved
15032,1673,209,12,0,female,yes,0,yes,yes,urban,not approved
13560,5409,195,240,0,female,no,1,no,yes,rural,not approved
11370,9309,89,12,1,female,no,1,no,yes,urban,approved
11763,7305,110,360,0,female,yes,0,yes,no,urban,approved
8496,4733,379,240,0,male,yes,3,yes,yes,semiurban,not approved
2252,9958,291,240,0,male,no,0,no,no,rural,not approved
15394,9294,173,60,0,female,no,1,no,yes,rural,approved
12574,1498,66,12,1,male,yes,2,yes,no,rural,not approved
15556,1852,162,36,0,male,yes,3,yes,no,semiurban,not approved
13506,740,93,36,0,female,no,2,no,no,urban,not approved
17540,8152,405,120,0,male,yes,3,yes,no,rural,approved
10858,6952,113,60,1,male,no,2,no,no,rural,approved
5930,5099,71,360,0,female,no,3,no,no,rural,approved
6549,8358,269,36,1,female,yes,0,yes,no,urban,not approved
8626,6302,108,60,0,female,no,0,no,yes,semiurban,approved
2788,2792,477,240,1,female,no,0,no,no,rural,not approved
5418,438,336,36,0,female,yes,2,yes,no,rural,not approved
5028,5272,236,60,1,female,yes,2,yes,no,semiurban,approved
5292,3449,235,240,0,male,no,1,no,no,urban,not approved
9680,1094,442,36,1,female,yes,3,yes,yes,urban,not approved
11038,4235,290,60,1,female,no,1,no,no,urban,approved
11064,8994,64,60,0,male,no,2,no,no,urban,not approved
16928,4148,369,60,0,male,yes,2,yes,yes,urban,not approved
5107,49,130,36,1,male,yes,1,yes,no,rural,not approved
4032,8639,470,240,1,female,yes,0,yes,yes,urban,approved
12188,816,91,12,0,female,no,0,no,no,rural,approved
5896,6297,405,12,0,female,no,2,no,no,rural,approved
6299,7706,122,120,0,male,yes,2,yes,yes,semiurban,not approved
7855,2953,369,360,1,male,no,3,no,no,urban,approved
7245,6281,143,60,1,female,yes,1,yes,yes,rural,not approved
7909,1542,453,240,1,male,no,0,no,yes,rural,approved
2264,7401,95,60,0,female,no,2,no,no,urban,not approved
7562,7719,448,240,0,female,yes,0,yes,no,semiurban,approved
4917,8610,422,240,0,female,no,2,no,yes,urban,approved
16747,1195,190,60,1,male,no,1,no,no,rural,not approved
16235,4069,126,240,1,female,no,3,no,no,urban,approved
10847,437,441,60,1,male,no,0,no,yes,semiurban,not approved
6045,3344,149,36,1,female,yes,0,yes,yes,semiurban,approved
4938,2187,176,120,0,female,no,3,no,no,urban,not approved
6807,337,168,120,1,male,no,2,no,yes,urban,not approved
3793,98,267,12,1,female,no,0,no,yes,rural,approved
9713,1511,483,360,1,female,no,0,no,yes,urban,approved
18486,5918,88,240,1,female,yes,2,yes,no,urban,approved
18239,5456,397,360,1,female,no,3,no,yes,semiurban,not approved
12034,2780,102,360,0,male,yes,2,yes,no,semiurban,approved
11963,2687,392,12,1,female,yes,1,yes,yes,semiurban,not approved
19199,9881,272,240,0,female,yes,2,yes,no,semiurban,approved
7803,9854,441,120,0,male,no,0,no,yes,semiurban,approved
12145,7608,145,36,0,male,no,0,no,no,rural,approved
12021,1724,244,36,1,female,yes,2,yes,no,semiurban,not approved
10602,1013,351,12,0,male,no,0,no,no,semiurban,not approved
5206,3201,239,60,0,female,yes,3,yes,no,semiurban,not approved
19095,4316,270,120,0,male,no,0,no,yes,rural,approved
15165,1714,153,36,0,female,no,0,no,yes,urban,not approved
3768,7861,495,360,0,female,yes,2,yes,yes,rural,not approved
9403,4723,246,12,1,female,no,2,no,yes,semiurban,not approved
8802,6044,258,120,0,male,yes,0,yes,no,semiurban,not approved
10157,8256,300,12,0,male,yes,3,yes,no,urban,not approved
8869,9125,428,60,1,female,no,2,no,yes,urban,approved
9765,7925,115,60,0,male,no,2,no,no,urban,approved
19053,5883,195,12,1,male,no,1,no,no,rural,not approved
12960,8392,329,12,1,female,no,3,no,yes,rural,not approved
9414,6603,399,60,1,male,yes,0,yes,no,urban,not approved
8414,4124,488,120,1,female,yes,2,yes,yes,semiurban,approved
10018,5129,423,12,0,female,no,2,no,no,semiurban,approved
2808,1643,249,240,1,female,no,2,no,no,semiurban,not approved
16515,6131,368,12,1,female,yes,3,yes,yes,urban,not approved
6660,793,291,240,0,female,yes,1,yes,no,urban,not approved
4567,1095,51,120,1,female,no,3,no,no,semiurban,not approved
16131,3162,178,12,1,male,yes,3,yes,yes,rural,approved
8762,6072,348,360,1,female,no,3,no,no,urban,not approved
15577,7873,330,240,1,female,yes,0,yes,yes,rural,approved
3624,9016,328,36,0,female,yes,0,yes,no,rural,approved
19025,8779,484,60,0,male,yes,3,yes,no,semiurban,not approved
7499,5971,377,240,1,female,yes,3,yes,no,urban,not approved
5771,6785,474,360,0,male,no,1,no,no,urban,approved
17230,3246,82,120,1,male,yes,0,yes,no,urban,approved
13949,5485,248,240,0,male,yes,3,yes,yes,rural,approved
17643,2435,298,36,0,female,yes,2,yes,yes,rural,not approved
14474,2480,410,360,1,female,yes,0,yes,no,semiurban,not approved
19044,2589,390,240,0,male,yes,2,yes,yes,urban,approved
17020,5380,151,12,1,female,yes,0,yes,yes,semiurban,approved
7196,7623,311,240,0,male,yes,1,yes,no,semiurban,not approved
15644,4592,68,60,0,male,yes,2,yes,no,urban,approved
4840,6159,449,12,0,female,yes,2,yes,yes,urban,approved
13079,7535,310,12,0,male,yes,0,yes,yes,rural,not approved
6165,5670,186,240,0,male,no,1,no,no,rural,not approved
18761,8938,265,60,0,male,yes,2,yes,no,semiurban,approved
14221,2598,93,240,0,male,yes,2,yes,no,semiurban,not approved
17173,6536,102,36,1,female,yes,2,yes,no,urban,not approved
12728,3846,86,12,0,male,yes,0,yes,yes,urban,approved
18616,4010,187,360,0,male,yes,3,yes,yes,rural,not approved
17784,3372,356,12,0,female,no,0,no,no,semiurban,not approved
3682,8156,200,240,1,male,yes,3,yes,no,semiurban,approved
18565,8871,186,12,1,male,yes,1,yes,yes,rural,approved
8792,645,320,240,0,female,no,0,no,yes,rural,not approved
17441,4386,326,36,1,male,yes,3,yes,no,rural,not approved
17193,6390,444,36,1,female,no,3,no,yes,urban,not approved
19557,2029,278,12,0,female,yes,2,yes,no,rural,not approved
14953,5523,369,360,1,male,yes,1,yes,no,rural,not approved
9165,4545,153,12,1,male,no,3,no,no,rural,approved
2406,6465,377,240,0,female,no,2,no,yes,rural,not approved
10196,9977,481,60,0,female,no,1,no,yes,rural,approved
8136,3765,97,240,1,male,yes,3,yes,no,rural,approved
15395,4555,499,360,0,female,no,3,no,yes,rural,approved
4963,7824,439,60,1,male,yes,1,yes,yes,semiurban,not approved
2279,8670,305,240,0,female,yes,3,yes,yes,rural,approved
9963,3854,422,240,1,female,no,1,no,no,semiurban,approved
8566,1964,355,120,1,male,no,0,no,no,semiurban,not approved
19914,3934,178,240,0,male,no,1,no,no,rural,approved
12835,9612,358,360,0,male,no,0,no,no,semiurban,approved
7820,5929,305,240,0,female,yes,2,yes,yes,semiurban,not approved
6402,6290,196,60,0,male,no,3,no,no,rural,not approved
15787,9514,357,120,0,female,no,3,no,no,urban,not approved
2826,3019,108,360,0,male,yes,2,yes,no,urban,approved
17006,5647,394,120,1,female,yes,2,yes,yes,rural,not approved
5244,9517,438,240,0,male,yes,1,yes,no,rural,approved
13703,4989,153,360,1,female,no,2,no,no,urban,not approved
10379,9088,469,240,1,male,yes,3,yes,yes,urban,not approved
18612,5824,330,120,0,female,yes,2,yes,yes,urban,approved
19365,1886,184,12,0,female,yes,0,yes,yes,semiurban,approved
6042,1574,423,36,0,male,no,1,no,yes,rural,approved
12963,5062,466,360,0,female,no,3,no,yes,urban,not approved
17807,4053,367,360,0,male,yes,1,yes,yes,rural,approved
16555,3773,297,12,0,female,yes,3,yes,yes,urban,approved
18553,2399,363,60,0,female,no,1,no,no,rural,approved
10182,2816,53,360,0,male,no,1,no,yes,urban,approved
8076,7013,92,240,0,male,no,0,no,no,rural,not approved
17722,1482,129,60,1,male,yes,1,yes,no,urban,not approved
13089,3513,143,60,1,male,yes,2,yes,no,semiurban,approved
13044,3523,150,360,0,female,yes,3,yes,yes,semiurban,not approved
9133,6673,126,120,1,female,no,0,no,no,semiurban,approved
16674,3955,111,60,1,male,no,3,no,yes,rural,approved
17495,998,290,36,0,male,yes,3,yes,no,rural,approved
15795,2200,232,240,1,male,no,0,no,no,semiurban,not approved
16973,7446,461,36,1,female,no,2,no,yes,rural,approved
13564,4103,83,12,0,male,yes,1,yes,yes,urban,not approved
10087,9288,452,240,0,female,yes,1,yes,no,urban,approved
3347,8210,339,60,1,female,no,1,no,yes,rural,approved
4884,4415,346,12,0,male,no,3,no,yes,urban,approved
9647,8128,311,120,1,male,no,0,no,no,urban,not approved
18289,8114,148,240,1,male,yes,3,yes,yes,urban,approved
11983,4635,130,12,0,male,no,0,no,yes,rural,approved
15209,5658,116,120,0,male,yes,3,yes,no,rural,not approved
9704,598,91,240,0,male,no,1,no,yes,semiurban,approved
15845,7351,195,12,0,male,no,3,no,no,rural,approved
15601,82,91,60,0,male,yes,3,yes,no,urban,approved
10989,6044,327,36,1,female,yes,0,yes,yes,semiurban,approved
16678,1970,299,360,0,male,no,1,no,no,semiurban,not approved
15941,7614,435,120,1,male,yes,3,yes,yes,semiurban,approved
10961,3932,429,60,0,male,yes,3,yes,no,urban,approved
7341,8607,204,60,1,female,no,1,no,no,urban,approved
14300,8886,345,60,0,female,no,2,no,no,rural,approved
14120,489,110,36,1,female,yes,1,yes,yes,urban,not approved
6174,9296,467,120,0,male,yes,0,yes,no,rural,not approved
11471,1937,199,240,1,female,yes,3,yes,no,urban,not approved
16876,1801,198,360,1,male,no,2,no,no,semiurban,not approved
2847,2595,476,60,0,female,no,2,no,yes,semiurban,approved
3204,5646,366,240,1,male,no,1,no,no,rural,approved
9776,9905,398,360,1,female,yes,0,yes,yes,semiurban,approved
12965,7146,400,360,1,female,yes,0,yes,no,rural,approved
9232,625,65,60,1,female,no,0,no,no,rural,not approved
2631,2608,122,12,1,male,no,2,no,yes,urban,not approved
12951,2102,244,12,0,female,no,3,no,yes,urban,approved
5770,5046,331,36,0,female,no,0,no,no,urban,approved
9638,1118,338,120,0,male,yes,0,yes,yes,semiurban,not approved
16444,4807,158,60,0,male,yes,3,yes,yes,rural,not approved
9873,3615,392,120,1,female,yes,3,yes,no,urban,approved
13442,1982,115,60,1,female,no,1,no,yes,rural,not approved
17697,5180,286,240,0,male,yes,3,yes,no,urban,approved
10780,3054,355,360,0,female,no,2,no,yes,rural,not approved
17841,3726,88,12,0,male,no,2,no,yes,rural,approved
16909,4956,340,240,0,female,yes,3,yes,yes,semiurban,not approved
14765,4876,129,12,1,male,yes,1,yes,no,urban,not approved
9459,3701,381,36,1,female,no,2,no,yes,urban,approved
19728,7559,124,120,0,female,yes,2,yes,no,rural,approved
12972,1109,324,360,0,male,yes,2,yes,yes,rural,not approved
11794,3816,232,12,1,female,no,1,no,no,semiurban,not approved
3828,9313,357,120,0,female,yes,3,yes,yes,semiurban,not approved
13064,3025,477,120,0,female,no,0,no,yes,semiurban,approved
13581,573,486,12,0,female,no,0,no,no,rural,not approved
3403,1415,436,36,0,female,no,1,no,yes,semiurban,approved
6644,6454,435,120,0,male,no,1,no,yes,rural,not approved
5665,6425,135,360,1,male,yes,2,yes,yes,urban,approved
8114,83,254,360,1,female,no,0,no,no,semiurban,not approved
3099,8997,158,60,1,male,no,0,no,no,semiurban,not approved
15709,3009,218,120,0,female,yes,2,yes,yes,urban,not approved
5027,7206,156,12,0,male,yes,1,yes,yes,semiurban,approved
2079,9992,491,240,0,male,yes,1,yes,no,rural,not approved
5839,440,85,360,1,female,yes,2,yes,yes,rural,not approved
16910,591,144,240,1,female,no,1,no,no,rural,approved
4106,2182,230,120,1,female,no,3,no,no,rural,approved
19809,8750,194,120,1,male,yes,1,yes,yes,semiurban,approved
19618,6828,367,60,1,male,no,0,no,yes,urban,approved
16739,5265,492,120,1,female,yes,1,yes,no,urban,not approved
8244,3404,482,360,1,female,no,2,no,no,rural,approved
12263,3200,445,36,0,male,yes,0,yes,no,semiurban,approved
3816,5604,51,120,0,male,yes,0,yes,no,urban,approved
8070,9486,177,36,0,female,yes,3,yes,no,rural,not approved
17766,6784,422,360,0,male,yes,1,yes,no,rural,approved
14051,7419,401,12,0,female,yes,1,yes,no,rural,approved
9917,333,144,240,0,female,no,0,no,yes,semiurban,approved
6750,1482,54,120,1,female,no,2,no,no,semiurban,approved
12033,8382,402,12,1,female,no,0,no,yes,semiurban,not approved
9753,1135,327,12,1,female,no,3,no,no,urban,not approved
6792,4300,172,60,1,male,no,2,no,yes,urban,not approved
11118,5182,400,60,1,female,no,2,no,yes,semiurban,approved
5014,9298,59,36,0,female,no,3,no,no,semiurban,approved
17290,4041,306,36,0,female,yes,0,yes,no,semiurban,approved
11331,6503,218,240,0,female,no,3,no,yes,rural,approved
10745,8983,219,240,0,male,yes,1,yes,no,rural,not approved
4878,2743,432,60,0,female,no,1,no,yes,rural,approved
17687,2086,376,12,1,female,yes,0,yes,no,rural,not approved
19288,3771,436,360,1,male,no,2,no,no,semiurban,not approved
9201,884,368,12,1,female,yes,3,yes,yes,semiurban,not approved
13854,7468,52,120,1,male,yes,1,yes,yes,urban,approved
17411,9323,350,12,0,female,no,3,no,yes,rural,approved
11290,5885,396,60,0,female,no,2,no,yes,semiurban,not approved
19404,6008,395,36,1,male,yes,1,yes,no,rural,approved
11532,7510,301,36,1,male,no,3,no,yes,urban,approved
6034,4138,308,240,0,male,no,1,no,no,rural,not approved
18579,6644,261,60,0,male,yes,2,yes,no,urban,approved
11827,2806,404,36,0,female,yes,2,yes,yes,rural,not approved
5923,4995,204,12,1,female,yes,1,yes,yes,rural,approved
18472,9443,352,120,1,male,yes,3,yes,yes,semiurban,not approved
11975,7010,144,36,0,male,no,0,no,yes,urban,not approved
8073,8002,424,240,0,female,yes,0,yes,no,urban,approved
18122,3323,139,12,0,male,yes,1,yes,yes,semiurban,not approved
4430,8072,85,240,0,female,no,1,no,no,urban,not approved
6367,2084,450,120,0,female,no,0,no,no,urban,approved
10673,5678,161,60,1,female,no,0,no,yes,semiurban,approved
18293,4973,107,240,1,female,yes,0,yes,yes,semiurban,approved
14742,8424,103,60,0,female,no,3,no,no,urban,approved
12279,4486,123,240,1,male,yes,0,yes,yes,semiurban,not approved
19787,1529,120,36,0,female,no,0,no,yes,urban,approved
13551,8992,310,60,0,male,no,3,no,yes,semiurban,not approved
14492,742,132,120,1,female,no,0,no,yes,rural,approved
18241,2825,164,60,1,female,no,2,no,no,semiurban,approved
9801,4989,100,36,1,male,no,3,no,no,semiurban,not approved
5162,6777,109,120,1,male,yes,2,yes,yes,rural,not approved
10302,259,233,60,1,male,no,0,no,no,rural,approved
19313,796,369,240,0,male,no,3,no,no,rural,not approved
19991,1463,256,240,0,female,yes,0,yes,yes,rural,not approved
12287,4697,242,120,1,female,no,3,no,no,rural,approved
5226,5513,191,12,1,female,yes,1,yes,yes,semiurban,not approved
7975,9023,354,12,0,male,yes,1,yes,no,urban,not approved
17057,7793,476,120,0,male,yes,3,yes,no,semiurban,approved
9282,5067,240,360,0,male,yes,1,yes,yes,rural,not approved
9852,3321,166,36,0,female,yes,3,yes,no,semiurban,approved
2132,2604,83,12,1,male,yes,3,yes,yes,rural,not approved
16548,1415,492,36,1,male,no,1,no,no,semiurban,not approved
15470,7596,192,120,0,male,no,3,no,no,rural,not approved
19426,3227,166,60,1,male,yes,1,yes,no,semiurban,approved
12321,8332,109,240,0,male,no,3,no,yes,rural,not approved
13322,7738,92,36,1,male,no,0,no,no,rural,not approved
10696,441,252,36,0,male,yes,3,yes,no,semiurban,approved
9826,642,206,120,0,male,yes,0,yes,yes,urban,approved
12078,5932,259,60,0,male,no,3,no,yes,rural,approved
6970,1170,198,120,1,female,no,0,no,no,rural,not approved
14821,3921,310,360,1,male,no,3,no,no,rural,not approved
15764,8460,252,120,1,female,yes,1,yes,yes,urban,not approved
4943,1108,294,12,1,male,no,2,no,yes,urban,not approved
19310,7664,360,120,0,female,yes,2,yes,yes,rural,approved
15511,6074,323,240,0,female,yes,1,yes,no,rural,not approved
18004,878,53,120,0,female,yes,2,yes,yes,urban,not approved
11263,1576,57,36,1,female,yes,0,yes,yes,semiurban,approved
4112,8102,140,120,1,male,no,1,no,no,urban,approved
19456,205,206,120,0,male,no,3,no,no,semiurban,not approved
19551,9374,326,36,1,female,no,2,no,no,semiurban,approved
2320,8977,408,12,1,male,no,3,no,no,rural,approved
2369,522,156,60,1,female,yes,3,yes,yes,urban,not approved
13086,3864,195,60,0,male,yes,2,yes,no,semiurban,approved
8198,4491,290,120,1,female,yes,3,yes,yes,semiurban,not approved
7217,3803,173,36,0,male,no,1,no,yes,urban,not approved
11776,7682,109,240,0,male,no,1,no,no,rural,not approved
8816,4229,64,12,1,female,yes,3,yes,no,urban,not approved
3872,8359,224,360,0,male,no,3,no,no,semiurban,not approved
19504,8476,184,360,1,male,no,1,no,no,rural,approved
9446,1530,337,12,0,male,no,3,no,no,urban,not approved
11289,1922,106,36,0,male,no,2,no,yes,rural,approved
17468,3512,72,120,0,female,yes,1,yes,no,urban,approved
10081,3208,185,240,0,female,yes,3,yes,yes,urban,not approved
15134,4486,209,36,0,male,yes,3,yes,no,urban,approved
2327,3659,438,36,0,female,yes,1,yes,yes,rural,not approved
9244,4912,194,36,1,female,yes,1,yes,yes,rural,approved
9728,4415,115,36,1,female,yes,2,yes,yes,rural,approved
3148,5289,404,360,0,female,no,3,no,no,semiurban,not approved
13279,1414,168,12,0,male,no,2,no,no,rural,approved
11664,8679,386,360,0,female,yes,3,yes,yes,urban,approved
18414,9181,500,360,1,female,no,2,no,yes,rural,approved
6266,5324,139,120,0,male,no,1,no,no,urban,approved
8924,378,327,60,1,female,no,0,no,no,urban,approved
16066,9759,72,120,1,female,no,2,no,yes,urban,not approved
13930,5102,362,240,1,male,no,0,no,no,semiurban,approved
16600,5494,330,240,0,female,yes,0,yes,no,semiurban,not approved
18479,2658,336,120,1,female,no,1,no,yes,semiurban,approved
18556,5895,102,240,0,male,yes,2,yes,no,semiurban,approved
5853,5048,399,12,0,male,yes,0,yes,yes,semiurban,not approved
17674,8810,495,36,0,female,yes,2,yes,no,semiurban,approved
17331,1697,442,36,0,male,yes,0,yes,no,urban,approved
11353,4170,395,60,0,female,yes,3,yes,yes,rural,approved
18720,2754,303,360,0,male,yes,1,yes,yes,rural,approved
14295,5891,70,12,0,female,no,2,no,no,urban,approved
5639,5591,343,12,0,female,no,2,no,no,rural,approved
3806,4214,422,12,0,female,yes,1,yes,yes,rural,not approved
11440,6489,348,120,0,male,no,1,no,no,semiurban,not approved
11921,9143,260,240,0,male,yes,3,yes,yes,semiurban,not approved
18605,9380,253,360,1,male,no,1,no,yes,rural,approved
17525,1531,219,240,1,female,yes,2,yes,no,semiurban,not approved
15353,1422,369,120,1,male,yes,2,yes,no,rural,approved
17404,1169,104,240,0,male,no,2,no,yes,rural,approved
4927,3892,490,60,0,male,no,3,no,no,semiurban,approved
3341,3979,477,36,1,male,no,3,no,no,semiurban,approved
4040,6044,177,120,1,male,yes,0,yes,yes,urban,approved
14096,5785,117,240,1,female,no,3,no,yes,rural,approved
10228,3406,115,240,0,male,yes,0,yes,yes,semiurban,not approved
17385,6531,342,360,1,female,no,2,no,no,urban,not approved
11024,6797,233,12,0,female,yes,3,yes,yes,urban,not approved
10408,7424,306,360,1,female,no,2,no,no,semiurban,approved
3995,8378,259,240,0,female,no,0,no,no,urban,approved
11343,3220,58,36,1,male,yes,1,yes,yes,urban,not approved
15117,3203,465,12,0,female,no,0,no,no,rural,not approved
5036,140,333,240,1,male,no,1,no,no,semiurban,approved
15083,5429,117,12,0,male,yes,2,yes,yes,urban,approved
7793,9414,454,360,0,male,yes,0,yes,no,urban,approved
15079,4111,194,240,0,female,yes,0,yes,no,urban,not approved
19791,1360,140,12,0,male,yes,2,yes,yes,semiurban,not approved
16761,1367,198,60,0,female,no,2,no,yes,semiurban,approved
17193,9252,145,36,0,male,yes,1,yes,yes,rural,approved
11566,4332,78,60,0,female,yes,1,yes,no,rural,approved
6305,8927,131,36,0,female,no,1,no,yes,rural,approved
4440,186,336,120,1,male,no,3,no,no,urban,approved
15293,2156,196,360,0,male,yes,1,yes,no,urban,not approved
12483,6331,190,360,1,female,yes,2,yes,yes,rural,not approved
5813,3609,284,36,1,female,no,2,no,yes,urban,approved
3136,5996,262,36,0,female,yes,1,yes,yes,urban,not approved
19419,2196,190,360,0,male,yes,2,yes,no,urban,approved
7075,648,288,12,0,female,yes,3,yes,yes,rural,approved
9959,7600,224,120,0,male,no,0,no,no,semiurban,not approved
14369,3871,380,60,1,female,yes,0,yes,yes,semiurban,not approved
16015,7273,394,120,1,female,yes,3,yes,yes,rural,approved
10849,1336,383,60,0,male,yes,0,yes,yes,rural,approved
11406,5618,455,60,0,male,no,3,no,yes,urban,not approved
4255,2965,255,60,0,female,no,2,no,yes,rural,approved
2970,6463,85,120,1,female,yes,3,yes,no,rural,not approved
